username,email,location,company,created_at,updated_at,followers_count,following_count,public_repos_count,starred_repos_count
user00397,PXtTVHpj,Barcelona,,2013-09-15T21:05:38Z,2024-04-30T19:52:24Z,13,2,7,9
user00294,iQUVVjhd,Barcelona,,2019-11-05T10:36:31Z,2024-04-23T15:04:05Z,25,1,23,5
user00063,iQUVVjhd,,@latitude-dev ,2023-04-11T08:25:32Z,2024-03-12T09:58:26Z,0,2,0,0
user00171,iQUVVjhd,"Barcelona, Spain",Codegram,2009-08-04T10:33:51Z,2024-04-07T08:21:44Z,123,38,63,70
user00130,iQUVVjhd,Barcelona,Factorial,2010-02-05T15:40:22Z,2024-03-05T14:13:20Z,54,32,31,37
user00040,YA3oxrrr,"Barcelona, Spain",,2009-10-06T21:04:51Z,2024-04-09T11:18:32Z,146,73,130,291
user00124,iQUVVjhd,,,2022-10-04T08:27:39Z,2024-03-22T10:34:13Z,0,0,1,0
user00278,iQUVVjhd,"Barcelona, Spain",,2013-01-18T08:50:30Z,2024-04-27T06:36:28Z,64,100,113,1241
user00334,iQUVVjhd,Barcelona,,2009-01-26T23:52:07Z,2024-04-12T16:44:40Z,47,26,168,214
user00283,iQUVVjhd,"Madrid, Spain",Graphext,2010-03-25T14:31:42Z,2024-04-11T09:51:41Z,135,510,18,662
user00305,iQUVVjhd,,,2011-09-08T16:04:32Z,2024-04-16T13:45:31Z,33,36,65,20
user00400,iQUVVjhd,,,2022-10-04T15:12:52Z,2024-03-19T16:48:44Z,0,0,0,1
user00189,qslf3GmR,"Barcelona, Spain",,2016-10-07T12:48:52Z,2024-04-23T11:18:17Z,24,35,13,41
user00144,iQUVVjhd,"Madrid, Spain",,2016-10-01T11:44:41Z,2024-04-02T18:34:52Z,23,62,33,47
user00078,fnh6JZUu,Barcelona,,2013-04-22T14:03:25Z,2024-04-20T20:00:55Z,109,458,100,1903
user00191,ZsNuCJeL,"Berlin, Germany",@factorialco ,2014-10-07T22:32:29Z,2024-04-12T17:12:13Z,83,151,35,375
user00439,vEGQpMaX,"Barcelona, Spain",@factorialco,2013-12-20T08:24:40Z,2024-03-31T13:49:16Z,13,9,52,62
user00137,uM883bJo,"New York, NY",,2014-10-15T01:52:20Z,2024-04-12T11:46:32Z,110,9,52,145
user00419,GzsHYnGm,Barcelona,Pullpo.io,2018-11-08T20:44:53Z,2024-04-28T11:53:49Z,16,38,26,19
user00134,iQUVVjhd,,,2019-05-20T12:45:29Z,2024-04-14T16:15:03Z,4,9,7,13
user00452,g3gEehGt,Barcelona,@swipoo,2014-10-17T23:03:36Z,2024-04-11T19:21:33Z,150,311,77,693
user00202,GWghEL7E,Barcelona,@factorialco,2011-08-29T15:16:40Z,2024-04-01T18:35:37Z,8,58,5,57
user00180,LhNB2OwA,"Valencia, Spain",Clicars,2018-03-18T13:45:25Z,2024-04-08T16:39:47Z,7,50,12,59
user00387,ZfQeIwmN,"Barcelona, Catalonia",,2013-10-16T09:51:23Z,2024-04-09T09:52:12Z,60,73,31,1551
user00113,iQUVVjhd,"Morocco, Marrakesh",,2021-06-07T17:57:46Z,2024-04-24T19:09:57Z,59,86,39,119
user00170,iQUVVjhd,BCN,,2014-08-04T18:14:07Z,2024-03-28T05:33:06Z,12,24,13,11
user00267,iQUVVjhd,"Barcelona, Spain",,2011-05-27T07:19:30Z,2024-04-30T11:07:35Z,21,176,46,79
user00043,iQUVVjhd,"Barcelona, Spain",,2014-08-01T18:56:52Z,2024-04-25T04:29:55Z,14,13,55,109
user00472,iQUVVjhd,Milan,@appquality,2011-05-12T14:46:44Z,2024-04-18T07:43:22Z,27,18,16,51
user00383,iQUVVjhd,,,2017-11-25T21:36:49Z,2024-04-27T01:38:31Z,2,9,1,105
user00083,iQUVVjhd,,,2012-01-23T08:53:10Z,2024-04-15T13:55:43Z,13,2,29,0
user00375,iQUVVjhd,,,2019-07-29T15:45:01Z,2024-03-13T15:19:07Z,1,4,2,19
user00446,iQUVVjhd,,,2022-08-18T03:11:22Z,2023-02-12T17:05:06Z,0,4,4,17
user00120,iQUVVjhd,,,2018-12-02T13:49:44Z,2024-04-02T15:36:12Z,4,7,14,519
user00341,iQUVVjhd,"Barcelona, Spain",,2016-03-16T09:38:14Z,2024-01-26T14:41:09Z,9,11,21,10
user00277,iQUVVjhd,,,2020-03-24T16:47:33Z,2024-02-26T15:39:23Z,0,30,2,5
user00048,iQUVVjhd,"Tarragona, Spain",,2011-02-06T20:07:43Z,2024-04-22T09:51:45Z,47,98,105,133
user00456,iQUVVjhd,"Catalunya, Spain",Haufe Group,2012-11-23T20:22:29Z,2024-04-07T04:08:11Z,30,31,29,120
user00252,iQUVVjhd,Barcelona,@pitch-io ,2015-06-23T18:15:09Z,2024-04-18T13:02:58Z,23,140,3,411
user00469,iQUVVjhd,,Technetium,2019-04-04T18:17:38Z,2024-01-08T11:01:53Z,2,4,1,28
user00138,PacM9LuQ,Barcelona,,2010-12-19T22:01:03Z,2024-03-16T12:20:53Z,58,92,76,205
user00382,JczHV6Pd,Barcelona,,2015-11-21T10:55:42Z,2024-04-15T11:37:43Z,18,14,50,135
user00114,iQUVVjhd,,,2022-09-15T09:35:10Z,2024-03-12T17:30:47Z,0,5,1,11
user00298,lEbDWwxu,Barcelona,Uzum Market ,2014-05-04T18:41:37Z,2024-04-08T20:15:52Z,63,64,79,787
user00148,iQUVVjhd,,,2012-11-12T06:25:56Z,2024-03-09T21:55:08Z,3,5,20,203
user00290,iQUVVjhd,,,2013-09-22T02:29:10Z,2024-04-14T23:53:51Z,0,0,1,0
user00236,iQUVVjhd,,,2022-07-24T16:47:52Z,2024-03-14T10:51:50Z,0,2,2,14
user00023,iQUVVjhd,"Buffalo, NY",Imperative NY,2020-12-01T20:31:47Z,2024-04-17T19:55:55Z,2,7,17,185
user00167,iQUVVjhd,,,2014-06-14T08:14:39Z,2024-04-12T16:01:46Z,5,19,22,46
user00326,iQUVVjhd,,,2023-12-04T09:04:09Z,2024-02-19T10:19:44Z,0,0,1,0
user00247,iQUVVjhd,,,2017-09-22T18:23:55Z,2024-01-23T08:20:36Z,2,6,0,4
user00403,iQUVVjhd,Barcelona,,2021-02-16T09:01:05Z,2024-04-14T07:54:06Z,0,0,5,0
user00075,iQUVVjhd,Madrid,Barkibu,2021-10-04T08:38:58Z,2023-10-20T07:03:43Z,1,1,6,6
user00218,iQUVVjhd,,,2019-09-23T13:27:42Z,2023-03-29T09:12:00Z,2,1,17,0
user00061,iQUVVjhd,,,2019-02-15T19:34:05Z,2024-04-04T11:38:03Z,1,2,17,0
user00021,wmVGDZTw,Zaragoza,@Mushdesk ,2011-05-13T22:49:12Z,2024-03-11T09:23:32Z,41,84,53,368
user00445,gdsZNoh1,"Newcastle, Australia",,2012-05-22T00:53:09Z,2024-04-14T02:27:09Z,3,7,16,69
user00468,PMceu170,Portugal,Promptly Health Analytics,2010-01-17T11:55:28Z,2023-11-30T10:06:04Z,22,51,38,607
user00069,iQUVVjhd,,,2023-04-10T23:24:12Z,2024-03-06T00:09:07Z,0,0,0,3
user00203,iQUVVjhd,,,2011-08-30T10:14:35Z,2024-04-24T15:09:53Z,141,20,50,3693
user00420,TA35dzeq,Germany,@zalando ,2011-03-11T10:21:27Z,2024-04-30T06:16:19Z,493,446,173,2625
user00406,iQUVVjhd,Oslo,,2013-07-24T11:40:18Z,2024-03-20T11:33:23Z,23,66,225,638
user00359,iQUVVjhd,,@Ironhack,2018-10-29T11:29:35Z,2024-03-28T15:32:15Z,0,2,52,1
user00184,iQUVVjhd,France,Lancey Energy Storage,2018-03-06T18:16:35Z,2024-04-02T16:15:19Z,1,5,12,70
user00195,iQUVVjhd,,,2022-12-21T20:09:24Z,2024-04-17T00:01:46Z,3,3,12,3
user00226,iQUVVjhd,,,2022-06-29T09:16:55Z,2024-03-28T08:08:24Z,1,1,6,15
user00103,iQUVVjhd,,,2013-04-18T23:23:54Z,2024-04-30T14:44:29Z,50,222,34,2684
user00084,iQUVVjhd,,,2014-05-08T09:21:05Z,2023-11-21T11:25:37Z,0,0,0,5
user00165,iQUVVjhd,"Minneapolis, MN",CWT,2019-08-03T19:49:11Z,2024-03-21T19:15:37Z,1,1,5,1
user00238,iQUVVjhd,,,2019-05-06T04:47:06Z,2023-12-27T04:50:31Z,0,1,0,94
user00054,iQUVVjhd,Hyderabad,,2010-06-27T18:00:53Z,2024-05-01T04:43:31Z,62,382,9,944
user00390,iQUVVjhd,"Barcelona, Spain",,2020-07-20T09:09:54Z,2024-04-12T11:42:27Z,2,12,4,2
user00175,ZN8lAI8I,Berlin,@dotruby,2013-03-13T18:28:54Z,2024-04-30T20:37:03Z,58,402,63,955
user00347,k6ILFot5,Barcelona,Itnig,2010-05-13T22:17:26Z,2024-03-04T21:21:15Z,47,33,98,96
user00389,iQUVVjhd,"Mathura, Uttar-Pradesh, India",Student,2020-05-09T10:27:07Z,2024-03-23T05:16:55Z,39,300,12,1905
user00131,iQUVVjhd,,,2022-03-14T12:23:44Z,2024-03-25T07:42:19Z,1,1,0,1
user00224,bfS6ug7k,"Orlando, FL",@SoFriendly ,2012-06-21T07:14:25Z,2024-04-23T22:41:52Z,21,11,13,20
user00010,iQUVVjhd,,,2019-05-15T10:54:22Z,2024-04-23T15:27:43Z,4,0,12,22
user00370,iQUVVjhd,"Auckland, New Zealand",,2015-09-11T10:18:29Z,2024-04-29T01:45:55Z,25,35,103,6
user00002,iQUVVjhd,,,2021-03-20T16:33:09Z,2024-02-05T17:40:08Z,0,0,5,1
user00201,NSW8Rrdu,Thailand,,2011-05-18T16:40:59Z,2024-04-24T06:23:43Z,56,10,77,5523
user00363,6anHOjK3,"Barcelona, Spain",,2016-09-29T20:33:10Z,2024-04-27T14:26:57Z,22,81,55,172
user00116,iQUVVjhd,,,2011-04-13T09:26:01Z,2024-02-22T04:12:30Z,14,5,1,1261
user00319,31Vsciwt,"San Antonio, Texas",,2021-07-23T06:00:29Z,2024-04-21T20:36:47Z,7,38,5,94
user00312,iQUVVjhd,Málaga,CRUWI,2022-09-14T13:19:47Z,2024-04-30T09:29:28Z,0,0,3,4
user00371,iQUVVjhd,"Barcelona, Catalunya",,2017-01-14T22:53:17Z,2024-04-05T08:29:04Z,4,14,12,47
user00254,iQUVVjhd,,,2020-02-11T18:46:00Z,2024-04-13T17:35:22Z,1,2,5,0
user00430,iQUVVjhd,,,2016-08-09T07:55:08Z,2024-04-11T07:56:04Z,6,7,66,85
user00241,iQUVVjhd,,@zeroware-tech ,2014-07-15T19:55:46Z,2023-11-23T11:15:15Z,0,0,3,0
user00079,iQUVVjhd,,Lansweeper,2012-10-25T20:03:46Z,2024-04-23T10:21:02Z,2,2,49,4
user00088,iQUVVjhd,Die Erde,,2022-06-28T15:48:49Z,2024-05-01T12:43:13Z,109,177,80,270
user00037,iQUVVjhd,"Barcelona, Spain",,2012-04-16T22:35:06Z,2024-03-21T20:57:17Z,12,27,5,235
user00288,iQUVVjhd,"Barcelona, Spain",Strapi,2016-07-21T12:00:22Z,2024-03-06T08:23:21Z,23,35,18,112
user00234,iQUVVjhd,,,2013-11-30T16:24:33Z,2023-02-07T22:38:37Z,1,0,0,0
user00005,sfYp5cPB,,,2013-01-26T04:53:33Z,2024-03-22T18:34:35Z,15,0,22,62
user00316,iQUVVjhd,Madrid,,2014-09-17T21:58:47Z,2023-12-05T11:59:50Z,3,4,9,44
user00016,ckoBRW2Z,"Valencia, Spain",New Work SE,2016-04-29T17:44:49Z,2024-04-13T10:18:10Z,9,22,45,74
user00404,iQUVVjhd,,,2016-08-23T03:51:42Z,2024-04-27T02:21:01Z,48,208,35,973
user00429,iQUVVjhd,"Portland, OR.",@planet-nine-app ,2018-08-01T17:58:34Z,2024-04-23T04:26:36Z,4,3,4,11
user00431,iQUVVjhd,Germany,,2010-01-27T11:26:24Z,2024-03-20T05:46:44Z,3,5,10,91
user00133,iQUVVjhd,,,2019-01-12T21:03:09Z,2024-01-12T19:46:14Z,27,35,38,152
user00034,uNe4jyvz,"Tbilisi, Georgia",@lightdash,2011-08-05T21:13:20Z,2024-03-24T18:26:20Z,101,132,25,556
user00085,iQUVVjhd,,,2022-07-06T03:17:27Z,2024-03-11T02:20:39Z,0,0,11,0
user00454,iQUVVjhd,"Los Angeles, CA",@thisisartium,2008-02-13T12:57:00Z,2023-12-22T14:34:02Z,420,1084,38,13565
user00162,iQUVVjhd,"Huntsville, AL",@Boeing,2022-11-21T15:00:56Z,2024-04-11T16:10:40Z,651,10447,6,1664
user00367,iQUVVjhd,,,2011-08-17T19:46:39Z,2024-04-20T16:05:30Z,4,334,2,268
user00325,iQUVVjhd,"Zaragoza, Spain",@e2y,2022-01-24T09:37:06Z,2024-04-07T19:32:50Z,8,18,18,15
user00457,eRPZ2W3F,Spain,,2012-10-14T19:37:19Z,2024-04-02T23:49:46Z,8,24,11,203
user00270,F0UWg6j9,,@livesession,2016-04-03T13:10:26Z,2024-03-07T10:36:21Z,8,2,55,213
user00310,iQUVVjhd,Spain,Suntropy,2019-10-18T12:51:06Z,2024-03-23T08:43:16Z,1,12,18,62
user00190,YA0qG8tK,,Freelance / Private Contractor,2013-02-28T19:41:48Z,2024-04-05T01:09:20Z,6,105,7,388
user00399,iQUVVjhd,,Envelopt,2020-12-30T10:41:21Z,2024-05-01T14:49:21Z,3,6,20,25
user00402,iQUVVjhd,,Origen Studio,2014-02-08T18:28:43Z,2024-03-27T14:15:58Z,15,4,66,48
user00182,P11iBwuQ,Barcelona,i2CAT Foundation,2018-09-02T19:43:51Z,2024-04-28T18:23:42Z,5,10,73,61
user00176,iQUVVjhd,,,2020-01-04T23:42:07Z,2024-04-16T16:21:58Z,320,1587,11,16307
user00232,iQUVVjhd,"Naperville, IL",@Neuco ,2016-01-06T20:16:51Z,2024-03-08T22:17:57Z,5,0,3,342
user00001,iQUVVjhd,Spain,,2020-11-07T19:02:15Z,2024-04-26T13:42:48Z,3,7,22,3
user00350,iQUVVjhd,,@coverdash,2016-03-20T18:13:08Z,2024-04-22T06:01:01Z,22,9,47,172
user00253,RnQRzUzZ,Zagreb,Liferay Inc.,2011-08-09T21:24:25Z,2024-03-31T10:48:32Z,23,82,89,703
user00424,iQUVVjhd,Barcelona,,2014-05-04T20:09:00Z,2024-04-19T13:45:38Z,16,13,34,12
user00346,iQUVVjhd,,,2015-04-07T00:26:05Z,2024-04-25T20:26:38Z,4,9,2,329
user00055,iQUVVjhd,Morocco,,2015-10-22T21:00:16Z,2024-03-05T06:55:49Z,26,9,12,521
user00017,iQUVVjhd,,,2019-11-19T23:35:17Z,2024-04-30T19:31:02Z,37,228,20,1560
user00265,iQUVVjhd,"New Delhi, India",Underhive Inc.,2016-12-22T17:08:11Z,2024-04-15T18:27:35Z,66,73,78,391
user00372,iQUVVjhd,,,2024-03-26T02:53:50Z,2024-03-26T02:53:50Z,0,0,0,0
user00200,iQUVVjhd,"Pune, India",OneCard,2010-12-07T00:34:16Z,2023-12-09T17:07:08Z,8,0,7,388
user00257,W5X1rfYP,IKEBUKURO tokyo,"Gijutsu-Hyoron Co.,Ltd.",2008-06-03T02:39:15Z,2024-04-24T15:34:08Z,118,490,177,3584
user00027,57LPC9Ou,,,2011-06-18T12:46:14Z,2024-04-22T05:40:53Z,6,10,6,113
user00377,iQUVVjhd,,,2011-02-17T15:31:14Z,2024-04-23T12:31:34Z,47,15,298,2335
user00087,iQUVVjhd,"Shenzhen, China",@everxyz,2014-09-19T12:47:47Z,2024-03-28T09:14:16Z,11,16,9,605
user00380,iQUVVjhd,Melbourne,Insignia Financial,2022-07-25T01:18:21Z,2023-11-23T00:12:54Z,18,2,25,1237
user00342,iQUVVjhd,,,2019-09-02T09:44:35Z,2024-04-28T12:04:28Z,6,18,7,142
user00022,iQUVVjhd,"The Orion Arm, Milky Way",,2018-11-08T09:51:48Z,2024-04-26T07:12:12Z,38,88,51,1094
user00199,iQUVVjhd,"Gainesville, FL",@genesis-volatility,2011-03-18T19:25:34Z,2024-02-26T14:17:34Z,136,74,89,3258
user00051,iQUVVjhd,Boston,,2014-09-18T00:58:21Z,2024-04-29T17:53:59Z,32,41,62,366
user00015,iQUVVjhd,,,2020-01-09T20:29:26Z,2024-04-29T22:55:06Z,9,35,31,203
user00013,iQUVVjhd,"Maryland, USA",@atomweight ,2011-01-17T17:48:32Z,2024-04-27T15:47:33Z,73,144,43,6061
user00473,iQUVVjhd,United Kingdom,,2021-07-30T16:19:16Z,2024-04-21T19:26:58Z,1,3,5,29
user00074,iQUVVjhd,"Vancouver, Canada",,2012-08-21T19:58:33Z,2024-04-15T18:37:43Z,28,24,61,381
user00354,iQUVVjhd,"Richmond, VA",,2015-07-14T02:24:13Z,2024-02-28T05:08:30Z,36,150,11,517
user00166,p153sWQk,,InfinityTech,2013-10-27T18:24:26Z,2023-08-15T18:06:12Z,50,195,41,3246
user00368,iQUVVjhd,,,2022-03-22T07:56:57Z,2024-01-13T04:05:52Z,0,3,1,14
user00089,iQUVVjhd,,,2017-05-25T13:35:29Z,2023-10-23T11:35:06Z,5,4,15,18
user00194,iQUVVjhd,,,2019-06-06T08:32:10Z,2024-03-04T13:27:41Z,1,8,5,11
user00467,iQUVVjhd,,,2023-02-06T09:19:59Z,2024-04-29T10:48:12Z,0,2,3,0
user00149,iQUVVjhd,"Viladecans, Barcelona",,2017-12-07T13:17:12Z,2024-05-01T11:39:34Z,1,1,6,0
user00106,miWIL2BE,Copenhagen,,2011-08-04T14:21:43Z,2024-04-27T14:16:41Z,142,65,158,3962
user00379,zP0DxM2Q,,Maple,2013-12-04T14:00:27Z,2024-04-17T11:58:16Z,31,14,115,2752
user00296,iQUVVjhd,,@BeeSoftLabs,2008-11-25T03:21:10Z,2024-04-26T18:20:39Z,940,771,894,2757
user00349,iQUVVjhd,"Vancouver, BC, Canada",@dragonscale-ai ,2010-05-05T10:15:03Z,2024-04-29T17:58:24Z,111,24,77,380
user00477,iQUVVjhd,"Barcelona, Spain",,2018-11-08T10:34:48Z,2023-12-18T12:11:55Z,6,0,3,5
user00038,At5ef7im,,Solverhood.com,2012-08-18T09:23:35Z,2024-04-29T05:14:30Z,18,11,77,216
user00284,iQUVVjhd,"Irvine, CA, US",@withcodery,2008-03-12T02:45:38Z,2023-10-06T17:54:14Z,507,815,20,17424
user00438,iQUVVjhd,Frankfurt,@ginmon ,2009-07-06T15:18:46Z,2024-01-24T20:10:49Z,89,240,49,6574
user00142,kjiALplr,,,2013-05-20T07:46:15Z,2024-04-13T15:42:26Z,0,2,7,11
user00018,iQUVVjhd,,,2018-11-13T21:33:21Z,2024-03-25T12:45:52Z,0,0,4,0
user00077,ujRux4wk,"Santiago, Chile",,2012-10-24T16:11:13Z,2024-04-20T23:24:22Z,198,791,125,3353
user00141,iQUVVjhd,,"EarlyBird, Inc.",2013-05-05T10:14:17Z,2024-03-21T03:39:33Z,16,4,22,172
user00392,iQUVVjhd,,,2018-04-25T16:17:38Z,2024-03-30T15:30:14Z,2,4,2,49
user00376,iQUVVjhd,,,2010-09-04T14:04:17Z,2024-01-23T14:33:13Z,7,7,17,529
user00244,iQUVVjhd,,,2015-11-11T19:18:01Z,2024-04-29T11:37:19Z,0,1,10,4
user00320,iQUVVjhd,NYC,,2017-11-03T19:50:19Z,2024-04-03T14:45:35Z,12,53,7,1088
user00219,iQUVVjhd,"Madrid, Spain",,2021-03-17T08:58:54Z,2024-04-26T09:15:16Z,10,9,0,8
user00146,iQUVVjhd,Dubai,Sensible Software,2012-06-06T16:12:36Z,2024-04-25T23:38:15Z,79,69,73,1276
user00231,y12qlqK2,Barcelona,@FutureWorkshops ,2010-07-27T09:05:43Z,2024-04-16T13:01:33Z,21,64,62,324
user00076,iQUVVjhd,Madrid,@Canonical,2012-02-05T10:19:58Z,2024-05-01T08:59:53Z,21,65,26,182
user00080,iQUVVjhd,"Brussels, Belgium",Freelance,2010-04-29T16:35:38Z,2024-04-27T06:42:16Z,133,99,159,1297
user00117,iQUVVjhd,,,2023-03-28T13:07:11Z,2024-04-11T11:06:10Z,1,13,3,7
user00220,iQUVVjhd,,,2019-03-11T08:31:25Z,2024-03-07T08:53:26Z,1,0,28,2
user00150,iQUVVjhd,Palencia,,2011-07-15T06:19:59Z,2024-04-03T16:16:00Z,3,0,24,5
user00442,iQUVVjhd,,,2014-07-11T16:55:27Z,2024-03-29T12:29:16Z,4,3,2,799
user00210,iQUVVjhd,"Madrid, Spain",Luzia,2013-10-19T02:58:30Z,2024-02-29T06:53:05Z,115,245,20,693
user00091,VAQk7eog,Latvia,,2009-03-17T17:48:27Z,2024-04-30T18:32:39Z,365,6034,56,11786
user00045,nMUKUdWR,,@toptive ,2012-09-05T16:37:34Z,2024-04-21T23:47:35Z,20,17,19,1308
user00394,iQUVVjhd,,,2012-02-21T22:17:33Z,2024-03-20T16:17:48Z,150,7,91,8406
user00156,iQUVVjhd,Indonesia,,2020-09-22T14:08:58Z,2024-04-28T11:01:57Z,23,51,36,881
user00215,iQUVVjhd,Remote,Gitroom,2022-02-21T07:07:19Z,2024-04-23T07:44:37Z,1591,4,29,49
user00311,iQUVVjhd,SP,@leroy-merlin-br ,2010-08-21T15:34:27Z,2024-04-29T11:19:57Z,43,91,11,543
user00020,iQUVVjhd,Nepal,FleetPanda,2019-06-13T10:19:27Z,2024-04-05T07:58:37Z,12,17,37,12
user00197,iQUVVjhd,,,2013-04-03T14:15:50Z,2024-05-01T11:35:00Z,551,68,177,531
user00303,6P5LlQLX,"Rotterdam, The Netherlands",CellaJS,2013-03-13T15:58:15Z,2024-03-12T14:11:27Z,11,132,3,456
user00331,tDrcG3RS,,,2020-07-09T02:12:50Z,2024-04-17T09:41:39Z,26,468,32,708
user00237,DwEkuIKs,Earth,,2020-04-01T07:18:30Z,2024-04-23T11:18:38Z,44,18,109,290
user00261,EdGQrlva,,@opensource-force ,2022-08-10T18:24:02Z,2024-04-13T12:09:32Z,8,48,36,261
user00470,uKox3CJs,Barcelona,@sequra,2009-01-28T16:15:46Z,2024-03-08T23:06:05Z,31,17,24,1161
user00225,zOFSB4pz,United States,@Lyfebloc-Network ,2022-11-20T00:30:08Z,2024-05-01T12:37:59Z,8,215,152,384
user00315,iQUVVjhd,,,2015-02-07T12:31:26Z,2023-04-24T10:37:32Z,0,0,23,0
user00275,Bchp5Yru,,,2010-02-28T04:03:38Z,2024-04-24T07:10:03Z,36,391,50,761
user00361,iQUVVjhd,,,2016-03-29T17:10:08Z,2024-03-21T10:32:26Z,0,15,5,83
user00029,iQUVVjhd,,SMS Edge,2017-03-01T20:41:38Z,2024-04-03T16:38:04Z,6,46,6,118
user00306,iQUVVjhd,Kraków,DreamLab Onet.pl,2012-12-29T09:11:56Z,2024-04-11T18:58:55Z,1,3,6,43
user00081,iQUVVjhd,,,2015-02-26T05:38:54Z,2024-04-23T04:35:46Z,1,2,6,432
user00373,iQUVVjhd,,,2015-12-27T14:20:48Z,2024-04-30T20:26:11Z,105,609,125,5679
user00096,iQUVVjhd,,,2018-11-22T15:22:31Z,2024-04-04T13:54:43Z,36,14,131,12
user00030,iQUVVjhd,"Istanbul, Turkey",@darawish ,2008-10-05T09:29:25Z,2024-04-07T09:39:54Z,203,113,117,4632
user00090,xLOtAeUB,"Montevideo, Uruguay",@snack-dev ,2012-12-27T14:17:19Z,2024-04-27T16:31:13Z,31,1,22,22
user00264,iQUVVjhd,,,2020-05-31T10:15:56Z,2024-03-28T16:14:57Z,6,14,11,79
user00095,iQUVVjhd,,,2013-11-27T14:19:32Z,2024-04-22T14:16:10Z,7,3,8,37
user00123,iQUVVjhd,,,2021-07-11T02:16:32Z,2024-04-15T12:54:11Z,7,11,34,14
user00152,iQUVVjhd,,,2017-05-08T00:30:09Z,2024-04-03T13:33:52Z,0,2,1,14
user00161,iQUVVjhd,,,2012-01-09T19:06:38Z,2024-04-30T00:02:38Z,31,28,7,228
user00465,s5YCyAo9,,,2021-01-18T11:53:13Z,2024-04-26T18:46:53Z,1,2,4,24
user00318,iQUVVjhd,"Brazil, São Paulo",InovaHub,2019-10-01T02:37:47Z,2024-04-04T10:45:59Z,15,32,143,633
user00056,RJjUsWwj,"Copenhagen, Denmark",Ageras,2014-06-02T14:55:33Z,2024-04-21T15:00:51Z,2,1,10,14
user00192,iQUVVjhd,,,2010-09-16T14:03:10Z,2024-05-01T01:22:18Z,1,2,2,23
user00324,iQUVVjhd,,,2023-08-22T08:40:28Z,2024-04-09T02:25:59Z,0,0,4,0
user00444,uEwhrYeh,中国江苏省连云港市,,2014-02-16T07:50:59Z,2024-04-21T03:04:15Z,32,1,2,5873
user00014,iQUVVjhd,,,2015-11-19T05:09:51Z,2024-04-23T11:28:57Z,6,32,50,813
user00374,xsL9Il6y,,AI Piping,2013-06-09T21:48:08Z,2024-04-19T23:47:42Z,27,59,24,235
user00211,iQUVVjhd,Melbourne,Zitcha,2013-07-14T22:25:34Z,2024-04-06T17:40:28Z,4,10,14,362
user00163,iQUVVjhd,,k3 group,2023-02-10T20:46:31Z,2024-04-21T22:58:21Z,3,5,52,192
user00066,iQUVVjhd,,@lafabriquevirtuelle,2021-09-04T13:39:09Z,2024-04-24T16:49:18Z,3,23,31,486
user00110,iQUVVjhd,United States,,2017-04-03T23:10:49Z,2024-03-16T02:45:39Z,16,10,39,1452
user00421,iQUVVjhd,Austin & Barcelona,Timewarp Inc,2009-06-28T22:54:12Z,2024-04-18T18:59:18Z,25,32,4,4
user00282,DphGuXgS,Brazil,@lccvufal @ds4data ,2017-01-19T17:22:17Z,2024-04-27T22:05:57Z,23,68,29,1193
user00041,iQUVVjhd,,,2011-05-19T14:54:02Z,2024-02-27T17:22:44Z,24,33,101,240
user00455,iQUVVjhd,Chios Greece,,2010-12-13T05:48:24Z,2024-02-12T00:25:24Z,26,15,39,205
user00060,iQUVVjhd,"Baltimore, MD",,2014-09-17T15:16:45Z,2024-04-17T18:08:24Z,25,7,143,805
user00153,iQUVVjhd,,,2024-01-10T16:25:04Z,2024-04-12T04:26:56Z,0,0,2,3
user00437,VblxXLe8,"Bangalore, India",@hoppscotch ,2015-09-02T11:45:13Z,2024-04-11T14:20:55Z,48,47,79,125
user00482,iQUVVjhd,Madrid,,2015-09-01T23:28:37Z,2024-01-03T11:21:08Z,1,2,3,13
user00104,jHY0Hw2m,,@daedalus-developers ,2013-11-06T03:59:14Z,2024-04-25T16:48:57Z,15,13,61,72
user00396,iQUVVjhd,,,2018-01-26T04:18:53Z,2024-04-23T21:25:55Z,147,2486,21,3698
user00415,iQUVVjhd,,,2014-02-24T14:32:27Z,2024-04-28T01:59:25Z,8,15,13,816
user00422,MRg3WPmD,"Gods own Country, India",Devzstudio,2015-11-24T04:49:23Z,2024-03-22T14:57:44Z,123,220,62,589
user00196,RdfiO2C0,"JiNan, China",,2011-12-08T15:10:26Z,2024-03-18T09:25:05Z,33,198,5,2107
user00286,iQUVVjhd,"Barcelona, Spain",@factorialco,2017-12-01T08:59:19Z,2024-05-01T11:39:26Z,51,21,145,70
user00401,WaOjjtaH, UTC+0530,,2017-08-27T09:54:51Z,2024-04-28T11:42:09Z,37,449,27,2439
user00263,iQUVVjhd,,,2017-01-30T02:47:47Z,2024-03-18T08:59:26Z,0,0,3,92
user00019,iQUVVjhd,Bangalore,,2019-01-04T12:33:48Z,2024-04-19T11:16:52Z,8,18,7,42
user00059,5oIyAJfx,Singapore,Minerra Analytics,2014-12-13T15:53:32Z,2024-04-10T12:34:22Z,4,8,124,32
user00132,89YUILVD,"Bangalore, IN",Missing studio,2013-01-13T06:22:12Z,2024-04-13T11:19:39Z,74,510,17,3542
user00206,iQUVVjhd,"London, UK",,2013-10-02T19:48:55Z,2024-04-23T10:32:57Z,0,0,0,0
user00126,iQUVVjhd,,,2016-09-08T11:36:13Z,2024-02-29T12:02:02Z,12,3,3,15
user00233,iQUVVjhd,,@wethemasterkii ,2019-04-23T04:09:49Z,2024-04-29T18:08:32Z,0,0,2,0
user00378,9wVbetBV,Kampala Uganda,Dev Zero,2020-01-06T12:42:42Z,2024-03-26T06:15:44Z,48,27,159,293
user00127,iQUVVjhd,Paris,,2015-04-23T09:47:20Z,2024-04-23T17:17:42Z,0,1,7,119
user00129,iQUVVjhd,,,2013-11-27T00:45:58Z,2024-04-16T11:21:46Z,16,15,29,1188
user00289,iQUVVjhd,,,2014-08-19T15:06:42Z,2024-04-21T12:45:42Z,120,188,163,2652
user00107,u0VAYIEw,Distrito Federal,@bebiss-tech,2019-03-14T21:28:01Z,2024-04-03T18:48:52Z,106,187,67,410
user00262,s7ZOvpV8,"Curitiba, Brazil",@pipefy ,2009-12-23T13:18:07Z,2024-04-16T05:00:29Z,132,303,89,2048
user00360,iQUVVjhd,"Istanbul, Turkey","EPAM Systems, Inc.",2017-10-04T17:09:04Z,2024-01-11T08:21:00Z,4,29,29,78
user00478,ajK9FxuV,"Bel Air, MD",@blueoceanideas,2013-01-22T20:50:19Z,2024-04-24T00:34:59Z,34,264,17,843
user00064,iQUVVjhd,"Raleigh, NC",,2015-11-09T05:37:44Z,2023-12-10T12:55:34Z,0,0,2,0
user00100,4CYA97kD,"Montreal, QC, Canada",@WildGamut,2010-02-15T03:27:32Z,2024-04-19T02:10:25Z,40,349,17,1394
user00086,iQUVVjhd,Earth,,2013-12-02T21:55:28Z,2024-04-02T09:32:59Z,10,19,19,959
user00049,iQUVVjhd,"Toronto, Canada",@ChainSafe,2014-02-14T07:51:11Z,2024-04-04T01:01:31Z,113,98,110,3101
user00058,iQUVVjhd,"Geldermalsen, The Netherlands",Custonext,2014-07-03T10:22:34Z,2024-04-30T20:10:20Z,2,45,15,283
user00317,aIs5j5Pv,Bhubaneshwar,@imesh-ai,2017-11-06T12:45:09Z,2024-04-26T10:59:46Z,65,57,92,502
user00391,iQUVVjhd,,,2019-05-03T14:57:17Z,2024-04-23T16:49:22Z,8,7,17,2
user00287,iQUVVjhd,İstanbul / Turkey,Defter,2022-05-27T02:13:11Z,2024-04-30T14:29:20Z,193,174,26,415
user00299,iQUVVjhd,,,2021-11-11T16:19:15Z,2024-04-09T01:23:15Z,0,1,1,24
user00169,Tbhm8x49,Singapore,@kula-ai,2012-02-19T10:35:04Z,2024-04-23T11:19:20Z,48,42,4,218
user00255,iQUVVjhd,Barcelona,ESELEOS S.L,2020-02-11T16:53:38Z,2024-04-25T08:57:23Z,5,27,9,209
user00352,RtaxWFVb,France,Stodeo,2012-07-05T15:58:14Z,2024-04-22T04:34:57Z,0,0,1,0
user00024,iQUVVjhd,Cambridge,,2013-03-05T15:34:54Z,2024-04-26T08:44:24Z,3,18,9,36
user00213,iQUVVjhd,Việt Nam,,2013-03-14T04:13:21Z,2024-05-01T16:24:03Z,1,0,2,30
user00268,iQUVVjhd,India,,2022-07-25T07:59:01Z,2024-03-13T05:55:41Z,12,7,153,219
user00292,6HdOVC6T,,,2017-04-29T12:51:24Z,2024-04-30T18:07:02Z,5,7,2,313
user00410,y11KcObM,Aracaju - SE,@gruporezult,2017-04-07T22:32:08Z,2024-04-27T11:33:29Z,31,207,23,1285
user00381,iQUVVjhd,,,2020-09-30T16:22:35Z,2024-04-27T17:12:30Z,9,18,74,12
user00313,iQUVVjhd,"Redlands, CA",@Socrata,2014-03-08T01:14:16Z,2023-08-09T20:37:05Z,12,3,47,720
user00448,2w23bK6s,,@snapp-cab,2011-05-31T15:34:57Z,2024-04-29T08:30:11Z,66,75,144,4354
user00187,iQUVVjhd,"Münster, Germany",,2017-01-14T09:09:41Z,2024-04-27T17:50:31Z,17,25,17,152
user00053,3aiHUUTS,México,,2014-05-30T18:23:38Z,2024-04-05T18:07:39Z,26,56,49,980
user00098,iQUVVjhd,,,2013-12-26T12:02:04Z,2024-03-13T12:26:48Z,7,66,100,293
user00428,iQUVVjhd,"Palma, Illes Balears, Spain",@supabase ,2018-03-19T12:20:11Z,2024-04-24T20:41:26Z,130,126,53,298
user00291,iQUVVjhd,"San Francisco, CA",@useVenice @alkafinance,2011-03-29T08:49:31Z,2024-03-26T22:53:40Z,87,58,143,1734
user00128,iQUVVjhd,,,2019-08-28T21:52:22Z,2024-03-11T18:55:50Z,24,40,225,961
user00436,iQUVVjhd,,,2020-02-29T00:33:08Z,2024-01-02T18:03:42Z,5,2,0,301
user00395,iQUVVjhd,,,2014-03-21T09:15:13Z,2023-09-01T13:05:42Z,0,11,37,185
user00044,U7CSHX9Z,San Francisco,Reflex,2013-12-27T10:35:37Z,2024-04-05T02:46:07Z,114,4,9,29
user00007,ZQy0wT1o,"ّIran, Tehran",Bitex,2014-10-07T09:37:51Z,2024-02-25T11:52:21Z,436,42,251,5441
user00388,Slsx7MtF,"Los Angeles, CA",,2021-04-16T01:35:36Z,2024-04-30T23:55:03Z,0,0,2,0
user00260,NYJw95g4,"Farmington Valley, CT",@RocketMoney,2009-09-01T18:29:47Z,2024-04-27T00:57:07Z,126,302,157,3236
user00251,iQUVVjhd,Vietnam,,2012-05-23T09:01:43Z,2022-11-17T09:42:18Z,50,1,8,2365
user00242,iQUVVjhd,"Mérida, Yucatán",Buho Solutions,2019-09-06T22:11:27Z,2024-04-30T23:08:43Z,19,5,24,1457
user00427,iQUVVjhd,Cambodia,,2018-08-25T04:11:32Z,2024-04-14T15:23:40Z,26,110,221,2366
user00047,iQUVVjhd,,,2014-11-17T01:38:21Z,2024-04-19T03:37:07Z,2,0,0,171
user00164,iQUVVjhd,"semarang,indonesia",,2016-02-28T11:24:21Z,2024-03-24T00:33:00Z,2,1,15,129
user00479,iQUVVjhd,"Dubai, UAE",@kptac,2014-05-02T19:50:38Z,2024-04-22T21:27:38Z,0,1,10,80
user00185,iQUVVjhd,"Sydney, Australia",Usher Labs,2015-12-31T04:11:32Z,2024-02-23T23:40:10Z,24,25,67,184
user00009,uqtGxIhC,"Chennai, India",@THISUXHQ,2016-11-11T11:33:06Z,2024-04-19T16:24:59Z,1245,25,61,225
user00193,iQUVVjhd,,Tark AI,2020-09-26T09:29:44Z,2024-04-23T12:06:46Z,0,2,0,16
user00458,iQUVVjhd,Poland,TimeCamp SA,2012-01-21T09:56:49Z,2024-04-04T04:55:03Z,3,4,26,35
user00102,iQUVVjhd,,,2013-10-03T06:12:44Z,2024-04-19T02:55:53Z,64,406,687,4622
user00302,iQUVVjhd,,,2023-10-14T21:20:10Z,2024-04-17T06:26:58Z,0,0,0,3
user00118,glbsftTK,Yogyakarta,"@vortex-so, @neon-id ",2014-04-27T21:01:14Z,2024-04-29T08:40:49Z,22,111,22,1205
user00011,iQUVVjhd,Rio de Janeiro,Yello,2023-11-21T01:28:18Z,2024-04-30T00:57:29Z,3,125,50,153
user00248,iQUVVjhd,,,2013-08-12T02:15:58Z,2024-05-01T01:55:09Z,10,98,723,531
user00158,idZ1Popp,Iran,,2016-11-01T12:06:07Z,2024-04-25T11:38:14Z,13,56,21,348
user00173,iQUVVjhd,"Valencia, Spain",@zapier ,2013-08-27T21:36:00Z,2024-04-22T20:29:18Z,32,349,5,356
user00449,iQUVVjhd,Italy,,2019-08-14T14:38:18Z,2024-04-22T07:42:13Z,4,22,7,66
user00355,iQUVVjhd,"Berlin, Germany",,2012-10-24T16:32:58Z,2024-04-02T07:11:11Z,2,2,1,72
user00249,iQUVVjhd,France,,2018-05-02T14:41:15Z,2024-04-16T12:23:40Z,6,20,3,228
user00046,iQUVVjhd,Istanbul,@T-Fashion ,2016-11-14T17:31:13Z,2024-02-16T20:28:31Z,275,118,93,363
user00450,iQUVVjhd,France,Streamer Captown,2021-03-07T14:14:26Z,2024-04-10T13:14:11Z,11,12,14,356
user00435,aJ2O97t4,Fuengirola,@RudderStack,2012-08-06T20:20:58Z,2024-04-26T16:30:51Z,100,677,64,1613
user00067,iQUVVjhd,,,2013-10-16T02:29:07Z,2024-03-13T11:45:57Z,4,2,10,305
user00369,iQUVVjhd,,Red Hat,2008-06-13T21:04:12Z,2024-02-12T12:09:00Z,50,7,10,3888
user00139,iQUVVjhd,,,2019-11-16T06:56:29Z,2024-04-29T08:30:51Z,2,49,74,133
user00433,l7l2rDTF,"Istanbul, Turkey",@next4biz,2017-12-03T02:16:43Z,2024-04-21T12:00:02Z,49,93,42,665
user00039,BD3s2Nnz,"Galicia, Spain",@plexus-tech,2014-10-18T14:11:35Z,2024-03-14T18:01:06Z,142,305,36,1073
user00093,iQUVVjhd,tunisia,ESPRIT,2019-02-24T09:52:55Z,2024-04-28T15:13:45Z,49,155,36,127
user00082,zTi3XRtv,Indonesia,@tranityproject ,2013-07-11T08:05:21Z,2024-04-06T03:06:50Z,13,13,65,53
user00476,iQUVVjhd,France,@OpenDecide,2012-06-05T16:53:58Z,2024-04-14T16:34:59Z,14,15,13,176
user00356,iQUVVjhd,,,2014-01-21T17:59:19Z,2023-11-29T16:58:56Z,2,1,0,234
user00411,GPpvfNJ1,"The Greater Copenhagen, Sweden",,2017-04-25T21:05:09Z,2024-04-16T08:55:27Z,10,19,16,401
user00033,iQUVVjhd,Munich,,2018-06-25T11:44:35Z,2024-04-22T15:26:26Z,15,33,20,165
user00337,5wAzTEgq,Pune,Tech9,2012-11-29T08:39:37Z,2024-02-23T10:41:02Z,1,12,36,57
user00386,wgHn8879,Antônio Carlos - Brasil,W3block,2017-03-15T02:28:04Z,2024-04-28T22:41:47Z,35,30,47,1160
user00145,iQUVVjhd,,,2020-04-03T15:36:08Z,2024-04-29T07:13:57Z,2,5,13,13
user00239,iQUVVjhd,Paris,SAP,2015-12-01T21:35:39Z,2024-04-28T05:30:45Z,22,80,14,627
user00101,iQUVVjhd,Bogotá CO,Cosigned,2015-01-20T17:19:17Z,2024-04-17T16:36:52Z,13,11,32,83
user00204,iQUVVjhd,,,2021-02-23T14:26:26Z,2024-04-04T09:05:10Z,1,5,0,20
user00223,bTZgDmqK,Florida,,2016-08-19T22:51:44Z,2024-04-10T06:26:23Z,22,124,38,1069
user00413,u8hk8RaB,"Bangalore, India",,2013-09-26T04:04:17Z,2024-04-29T15:17:08Z,114,39,24,1635
user00062,iQUVVjhd,"Austin, TX",@Econify ,2015-03-14T00:53:12Z,2024-03-15T15:44:31Z,18,20,30,253
user00321,iQUVVjhd,,,2020-08-14T04:42:13Z,2024-04-10T05:49:52Z,0,0,1,34
user00065,8AQSD1ak,"Malaysia, Kedah.",@anas.abdrahman,2016-07-17T09:36:10Z,2024-03-17T15:34:17Z,8,4,10,50
user00416,F8pptpuA,Chile,,2017-12-29T04:52:49Z,2024-04-14T20:45:12Z,0,0,1,183
user00143,iQUVVjhd,,,2012-10-07T03:52:37Z,2024-04-30T14:52:10Z,0,0,171,0
user00393,P8lYf0Ta,"Seoul, South Korea",,2018-03-21T11:50:29Z,2024-04-13T02:04:40Z,129,44,66,417
user00417,iQUVVjhd,India,Ready Bytes Software Labs Pvt. Ltd.,2010-03-24T08:23:19Z,2024-04-13T04:36:52Z,20,19,19,710
user00425,kc75IqNi,"Hamburg, Germany",,2012-06-12T10:32:14Z,2024-03-16T16:12:06Z,183,1,91,736
user00423,iQUVVjhd,,,2019-12-12T14:20:32Z,2024-04-13T15:36:36Z,3,7,0,90
user00012,iQUVVjhd,,,2018-10-04T16:33:31Z,2024-03-11T01:37:58Z,1,1,1,269
user00463,y6gIFff3,Hungary,,2012-08-31T16:38:19Z,2024-04-28T11:21:08Z,66,1,59,106
user00432,iQUVVjhd,Nairobi,,2014-08-06T19:37:33Z,2024-03-05T09:27:30Z,7,8,24,68
user00094,iQUVVjhd,Phnom Penh,@go24dev,2010-10-01T13:01:46Z,2024-05-01T04:21:17Z,0,0,98,0
user00271,iQUVVjhd,"Tokyo, Japan",,2017-10-16T23:34:47Z,2024-04-28T11:43:35Z,32,23,28,2468
user00181,iQUVVjhd,,,2022-04-11T09:24:24Z,2024-04-21T13:25:49Z,0,40,1,89
user00273,iQUVVjhd,,,2013-04-06T09:17:07Z,2024-04-02T12:46:04Z,9,78,0,1177
user00212,iQUVVjhd,Toronto,,2010-11-16T21:09:00Z,2024-04-24T21:30:52Z,11,84,45,548
user00471,iQUVVjhd,,,2020-05-09T12:23:07Z,2024-03-29T09:59:51Z,65,1597,23,2514
user00274,iQUVVjhd,"Sana'a, Yemen",,2011-11-07T18:51:33Z,2024-04-28T06:44:10Z,103,282,90,4516
user00198,iQUVVjhd,,,2014-03-10T18:24:37Z,2024-02-22T06:45:04Z,10,127,47,359
user00032,iQUVVjhd,,,2017-07-31T07:27:45Z,2024-03-14T12:37:17Z,4,3,46,565
user00159,IPgjBG6T,,,2017-12-15T06:49:18Z,2024-03-25T05:00:22Z,17,50,40,335
user00227,iQUVVjhd,Barcelona,,2019-11-26T15:27:08Z,2024-03-24T12:22:33Z,3,4,8,9
user00119,iQUVVjhd,Dresden,Crowd Architects,2020-10-12T08:39:07Z,2024-04-08T12:02:36Z,8,35,6,288
user00451,iQUVVjhd,Barcelona,,2020-03-04T23:00:18Z,2024-04-24T16:10:24Z,0,0,10,1
user00309,af1i0wK2,Florianópolis - BR,NimbleLA,2022-02-11T21:15:56Z,2024-04-17T13:09:17Z,3,16,14,81
user00474,1jZxmxEZ,"Orange, CA",Web Developer,2017-03-07T04:11:38Z,2024-02-08T05:27:37Z,19,13,57,349
user00111,iQUVVjhd,,,2016-02-14T02:34:25Z,2024-04-23T14:37:08Z,2,5,2,335
user00205,iQUVVjhd,,,2021-08-15T06:27:30Z,2024-04-06T22:21:48Z,0,0,4,4
user00028,iQUVVjhd,,,2019-03-09T18:29:26Z,2024-04-30T20:30:45Z,8,12,2,798
user00256,DcwKGzAb,"Hamburg, Germany",,2009-11-25T13:33:24Z,2024-01-26T12:52:48Z,271,47,106,707
user00073,iQUVVjhd,Amsterdam,@SomedayNow ,2020-02-28T15:35:17Z,2024-03-08T06:26:19Z,2,1,5,42
user00335,iQUVVjhd,,,2019-10-30T13:58:34Z,2024-03-17T12:26:09Z,1,66,1,98
user00006,iQUVVjhd,,,2010-03-16T22:06:45Z,2024-04-01T07:19:25Z,10,21,5,433
user00258,iQUVVjhd,Curitiba,BBCE,2018-10-25T02:04:20Z,2024-04-30T14:56:34Z,5,9,12,387
user00357,iQUVVjhd,,,2015-09-05T17:40:56Z,2024-01-01T03:12:43Z,10,1,22,579
user00266,iQUVVjhd,"Dhaka, Bangladesh",OnnoRokom Software Ltd,2021-03-03T05:18:17Z,2023-12-06T03:31:55Z,0,3,104,242
user00105,iQUVVjhd,,,2014-11-28T10:41:39Z,2024-04-26T11:24:41Z,57,85,19,634
user00297,iQUVVjhd,,,2022-02-09T16:34:05Z,2024-04-21T09:31:14Z,9,13,8,3
user00328,iQUVVjhd,,,2017-03-06T20:12:02Z,2024-04-03T13:52:49Z,0,9,4,31
user00314,G3IUSNym,"Limassol, Cyprus",inDrive,2015-01-26T12:14:44Z,2024-03-12T09:47:01Z,30,37,37,431
user00112,iQUVVjhd,,,2017-04-14T07:34:18Z,2024-04-27T19:32:09Z,4,1,308,46
user00071,YlWPh08d,Chicago,"@ActiveCampaign, @R-Shief and others",2008-04-11T18:29:10Z,2024-04-27T21:31:09Z,152,345,343,1292
user00115,cZAVFY1J,"Gdańsk, Poland",,2014-02-17T14:56:06Z,2024-04-10T11:23:14Z,95,303,707,4144
user00276,iQUVVjhd,,,2014-08-06T00:15:28Z,2024-04-13T09:32:28Z,3,5,31,209
user00353,iQUVVjhd,Hamburg,,2011-03-01T15:59:52Z,2024-04-28T12:01:44Z,46,0,0,1464
user00453,iQUVVjhd,The Internet,,2009-10-24T18:52:33Z,2024-04-07T23:57:58Z,32,29,37,88
user00217,thhQtnuj,"Magelang, ID",,2014-01-20T08:25:24Z,2024-04-30T04:19:04Z,34,39,38,88
user00447,iQUVVjhd,,,2016-09-25T18:58:21Z,2023-11-07T10:49:21Z,0,0,4,14
user00188,iQUVVjhd,Viet Nam,,2019-07-09T18:11:26Z,2023-11-23T16:15:36Z,0,0,19,0
user00186,iQUVVjhd,Poland,,2010-01-15T16:26:47Z,2024-04-22T12:57:53Z,83,75,118,3395
user00099,iQUVVjhd,,,2011-10-21T14:31:29Z,2024-03-26T13:00:25Z,0,0,39,0
user00301,iQUVVjhd,Hungary,KnightNET,2014-11-20T14:45:43Z,2024-03-20T07:45:45Z,6,13,39,47
user00108,iQUVVjhd,"Milan, Italy",,2018-10-08T20:28:53Z,2024-04-15T12:01:54Z,3,20,11,57
user00344,iQUVVjhd,Germany,,2010-03-05T17:55:02Z,2023-08-30T08:46:37Z,109,7,33,7327
user00243,iQUVVjhd,"Occitanie, France",BPCE,2013-08-26T12:26:56Z,2024-04-29T13:19:30Z,14,125,6,533
user00279,km07KmmS,"Hanam-si, Kyunggi-do, Korea",Toodle,2018-05-06T06:57:37Z,2024-04-13T11:32:44Z,49,10,99,123
user00222,iQUVVjhd,Spain,,2017-09-12T08:13:29Z,2024-04-07T07:11:02Z,11,14,33,31
user00003,iQUVVjhd,"Miami, FL",,2011-10-05T21:42:00Z,2024-03-04T16:28:03Z,10,0,9,90
user00481,iQUVVjhd,Vietnam,Innovation Labs,2021-03-31T04:39:21Z,2024-04-20T03:08:46Z,33,329,202,363
user00004,iQUVVjhd,,@getpersio ,2011-03-11T10:54:05Z,2024-04-05T08:42:58Z,17,30,56,144
user00343,acMthPby,France,Freelance,2010-12-07T14:02:30Z,2024-05-01T15:23:14Z,6,8,3,466
user00308,iQUVVjhd,,,2024-03-13T18:05:54Z,2024-03-16T12:40:38Z,0,6,1,7
user00072,wYsVrl8U,"Cancún, Quintana Roo",@Spot2Nite ,2020-04-15T13:37:16Z,2024-04-14T16:18:22Z,12,30,19,41
user00177,iQUVVjhd,"Quintana Roo, Solidaridad, Mexico",,2017-10-24T03:40:50Z,2024-04-21T06:20:51Z,7,3,45,10
user00348,iQUVVjhd,SMOeste/SC/BR,,2011-09-01T19:52:07Z,2024-02-22T16:31:24Z,25,27,166,245
user00414,iQUVVjhd,,,2021-02-19T15:46:13Z,2024-04-03T10:44:40Z,4,6,2,229
user00178,iQUVVjhd,,,2016-12-10T16:00:49Z,2023-06-16T08:35:14Z,0,5,8,137
user00092,MNd0mvvA,Chandigarh,@CodeTuring ,2016-05-16T10:32:37Z,2024-04-24T06:51:11Z,3,31,10,88
user00245,iQUVVjhd,BRZ,,2018-05-07T21:50:08Z,2024-04-27T05:56:53Z,30,537,128,350
user00464,qfAF6xg0,São Paulo,,2010-10-13T23:31:37Z,2023-12-22T18:40:24Z,144,78,74,395
user00480,iQUVVjhd,,,2015-02-13T18:38:30Z,2024-04-08T09:11:02Z,2,5,43,134
user00462,iQUVVjhd,,,2023-02-03T09:51:06Z,2024-03-14T23:25:41Z,0,0,0,0
user00050,iQUVVjhd,Indonesia,"Kuelap, Inc",2014-03-16T01:30:29Z,2024-04-23T05:23:49Z,47,23,71,1349
user00327,iQUVVjhd,,,2016-11-24T14:25:28Z,2024-03-30T22:14:20Z,14,232,14,678
user00052,iQUVVjhd,"Jharkhand, India",Looking For Work,2022-02-17T07:29:40Z,2024-04-22T15:48:50Z,2,8,46,37
user00207,8ZtujjWV,Lot N 111 Route Larbaa,@Ta9in @DevLMS,2012-12-13T10:47:55Z,2024-03-16T10:42:21Z,21,59,16,84
user00323,iQUVVjhd,"Toronto, ON / Remote",@instinctdigitalmedia ,2013-10-12T04:21:38Z,2024-05-01T16:13:49Z,101,889,32,1289
user00461,iQUVVjhd,,,2019-04-04T08:03:04Z,2024-05-01T06:15:00Z,5,2,31,1
user00300,iQUVVjhd,"Argentina, Entre Rios, Parana",,2019-11-06T20:43:48Z,2024-04-21T12:28:34Z,0,0,14,24
user00246,ADJKwj7D,Slovakia,Webikon,2009-12-19T09:21:37Z,2024-03-14T07:39:24Z,52,33,37,3981
user00125,4PiPULXW,"Miami, USA",,2009-11-11T19:38:06Z,2024-03-26T07:08:11Z,13,7,24,486
user00135,vsh46oxW,"Kalyan, Maharashtra, India",,2019-12-24T16:05:10Z,2024-04-26T11:26:15Z,7,13,18,96
user00097,iQUVVjhd,,,2021-11-23T10:44:21Z,2024-04-28T11:19:07Z,1,5,4,20
user00136,iQUVVjhd,Currently living inside a simulated reality,,2019-07-04T20:27:58Z,2024-03-15T05:40:48Z,1,9,8,141
user00174,iQUVVjhd,Čakovec,,2012-05-09T17:09:12Z,2024-04-11T10:32:54Z,68,17,29,413
user00154,5N4fSim1,"BKK, Thailand",,2016-08-04T13:12:14Z,2024-04-29T02:01:39Z,4,24,33,80
user00336,iQUVVjhd,"Barcelona, Spain",,2022-09-07T09:54:35Z,2024-04-12T15:59:25Z,7,8,12,8
user00366,iQUVVjhd,,,2013-03-13T12:40:46Z,2024-04-16T15:49:24Z,0,2,82,115
user00339,j67tdjQI,,,2016-01-05T10:48:20Z,2024-03-01T14:59:34Z,6,2,5,524
user00008,iQUVVjhd,,,2010-11-04T19:01:00Z,2023-11-30T11:56:00Z,2,8,2,44
user00235,iQUVVjhd,,,2010-12-09T01:52:30Z,2024-04-28T15:43:59Z,18,47,205,1106
user00365,uAcfR8Qm,Brazil,Act Digital,2015-04-14T14:36:33Z,2024-04-13T11:22:54Z,41,61,141,693
user00280,iQUVVjhd,"Toronto, Canada",Raly,2011-11-23T03:59:33Z,2024-03-31T01:46:30Z,32,100,88,1797
user00441,iQUVVjhd,,,2021-10-19T21:47:05Z,2024-04-19T12:04:57Z,39,94,27,34
user00418,iQUVVjhd,The Ether,Upkeeply,2011-09-08T23:09:19Z,2023-12-07T00:45:17Z,4,1,41,130
user00036,iQUVVjhd,,,2021-01-01T10:25:51Z,2024-04-07T12:22:42Z,6,54,28,13
user00358,iQUVVjhd,,,2010-06-08T01:49:45Z,2024-04-22T00:10:32Z,7,22,76,89
user00281,iQUVVjhd,"Bordeaux, France",,2019-11-11T10:51:14Z,2024-04-14T00:21:41Z,7,15,37,143
user00240,kkUd74Ns,Paris,formation.tech,2012-05-02T09:16:25Z,2024-04-17T04:38:39Z,100,0,434,318
user00025,pCTxQXSI,,,2014-08-23T20:53:07Z,2024-03-08T01:16:46Z,7,2,13,104
user00147,iQUVVjhd,"Bengaluru, India",Hybr1d,2019-08-21T11:42:43Z,2024-05-01T12:41:57Z,7,10,38,647
user00157,iQUVVjhd,,,2009-01-23T16:34:14Z,2022-10-08T15:41:39Z,94,444,600,5660
user00409,iQUVVjhd,Hangzhou,alitrack.com,2016-08-11T14:22:33Z,2024-05-01T11:54:25Z,53,0,452,1306
user00230,iQUVVjhd,"Ipswich, UK",Tinybird.co,2014-09-09T13:09:32Z,2024-04-28T19:02:34Z,29,46,40,122
user00068,iQUVVjhd,,,2015-11-06T16:48:05Z,2023-11-15T23:31:02Z,6,2,20,127
user00398,bxe8qvvf,"Bordeaux, France",squale.agency,2017-09-17T18:12:49Z,2024-04-29T19:44:55Z,101,713,235,4455
user00407,iQUVVjhd,,,2015-10-16T18:57:38Z,2024-01-09T17:04:04Z,3,2,3,56
user00459,iQUVVjhd,,,2021-08-30T18:00:34Z,2023-12-01T10:58:41Z,1,0,4,4
user00209,iQUVVjhd,Dresden (Germany),TU Dresden,2011-09-22T22:43:49Z,2024-04-16T20:27:58Z,19,25,32,101
user00338,iQUVVjhd,Singapore,SUTD,2020-11-06T10:52:51Z,2024-04-09T12:05:28Z,11,127,56,91
user00362,iQUVVjhd,,,2012-11-11T22:24:39Z,2023-12-05T19:07:10Z,1,2,27,128
user00057,oSEBhMd7,Israel,PointFive,2015-03-15T18:08:01Z,2024-04-21T11:38:09Z,15,1,1,1179
user00228,7hfIwuBo,Paris,PayFit,2015-12-09T10:52:00Z,2024-04-17T20:01:10Z,34,31,70,775
user00109,NtjRDf2Q,Italy,Udeis,2017-12-27T13:59:35Z,2024-04-29T22:20:13Z,0,1,2,7
user00122,iQUVVjhd,,,2013-03-29T01:04:03Z,2024-04-13T23:19:24Z,1,3,2,98
user00307,iQUVVjhd,,,2019-10-28T11:15:16Z,2024-01-23T12:18:12Z,6,3,3,29
user00466,sG2XwQDH,"Ljubljana, Slovenia",,2012-05-26T13:27:51Z,2024-04-03T11:53:47Z,1,2,27,18
user00434,pFoMCZ0T,,,2013-02-19T00:52:43Z,2024-04-29T16:26:28Z,122,64,141,934
user00332,iQUVVjhd,London,@thanksben,2018-03-12T12:45:33Z,2024-04-07T16:00:11Z,3,1,16,9
user00183,iQUVVjhd,,,2013-12-13T04:20:26Z,2024-04-26T15:51:17Z,1,0,19,95
user00460,iQUVVjhd,"Princeton, New Jersey, USA",Principal Developer Advocate,2016-04-26T06:14:39Z,2024-04-03T02:13:09Z,609,1334,2768,4651
user00035,iQUVVjhd,,,2023-04-08T18:45:21Z,2024-04-05T19:48:48Z,2,12,8,134
user00042,iQUVVjhd,"Kampala, Uganda",@opensource-now @open-nux @nuxjs @wearedelovery,2019-01-03T18:58:03Z,2024-04-15T10:47:28Z,58,152,188,68
user00026,yFLJ7hnV,"Somewhere, Africa",,2021-05-31T07:36:16Z,2024-04-24T10:17:26Z,25,44,26,333
user00229,iQUVVjhd,"Sydney, Australia",,2012-07-31T00:30:13Z,2024-04-24T05:47:51Z,11,6,31,82
user00293,iQUVVjhd,,,2015-03-16T11:41:54Z,2024-03-05T08:30:31Z,1,0,2,49
user00179,iQUVVjhd,"Nairobi, Kenya",Hire Me ,2019-09-08T13:44:12Z,2024-04-26T11:49:33Z,98,84,90,606
user00412,fJLeHq18,"Mumbai,Maharashtra,India",,2017-06-24T11:12:09Z,2024-04-27T07:01:18Z,56,88,57,151
user00259,iQUVVjhd,Austria,,2014-10-29T17:52:31Z,2024-04-25T14:53:34Z,25,25,24,174
user00168,10oRcUpV,mumbai,Credilio,2016-10-04T10:12:21Z,2024-03-29T12:04:57Z,16,11,18,2033
user00216,24qvqMTa,Somewhere,@Finden-Labs @findenapp @VetPetLabs ,2013-08-03T01:19:45Z,2024-05-01T16:53:39Z,206,1370,238,3528
user00214,iQUVVjhd,,,2019-06-27T11:45:11Z,2024-04-18T17:18:08Z,12,26,5,425
user00475,ViYPYX6j,,,2014-03-04T19:55:27Z,2024-04-13T20:21:50Z,11,5,25,892
user00405,iQUVVjhd,Spain,,2020-03-02T13:11:56Z,2024-04-14T08:43:01Z,3,38,17,602
user00295,iQUVVjhd,,,2010-02-01T17:15:11Z,2024-03-10T22:47:07Z,6,0,34,589
user00364,iQUVVjhd,India,,2012-12-02T11:45:43Z,2024-04-27T05:59:59Z,4,285,1,2077
user00155,iQUVVjhd,Philippines,@power-to-the-brand,2021-03-01T01:52:36Z,2024-04-30T05:41:12Z,0,7,24,16
user00408,iQUVVjhd,Paris,Sfeir,2013-07-19T02:50:28Z,2024-04-24T21:20:04Z,8,14,58,120
user00345,ioc7IAIr,Ho Chi Minh,TMA Solutions,2012-08-22T03:24:02Z,2024-03-23T01:43:40Z,0,0,15,4
user00443,iQUVVjhd,,,2020-04-12T07:39:24Z,2024-04-29T10:07:41Z,21,31,32,54
user00333,k7E269Hi,,Ronas IT,2015-02-18T05:21:36Z,2024-04-24T14:59:20Z,3,5,12,362
user00140,iQUVVjhd,"South Jordan, Utah",@travelpassgroup,2015-07-01T17:08:41Z,2024-04-11T22:47:14Z,73,73,10,357
user00221,iQUVVjhd,,,2014-04-07T23:06:25Z,2024-04-28T15:35:50Z,2,17,11,1
user00250,iQUVVjhd,,,2015-03-09T16:56:13Z,2024-04-27T18:12:18Z,22,34,33,634
user00340,iQUVVjhd,Aix-en-Provence,BuyCo,2013-12-09T11:13:58Z,2024-04-04T08:03:20Z,19,15,6,1610
user00208,iQUVVjhd,,,2022-11-08T19:34:18Z,2024-04-19T18:36:49Z,0,6,3,22
user00426,iQUVVjhd,"Balikpapan, Indonesia",,2019-02-07T13:02:29Z,2024-04-28T22:59:40Z,148,591,72,1238
user00070,iQUVVjhd,,,2023-05-10T05:47:23Z,2024-04-23T06:01:37Z,0,1,0,0
user00272,iQUVVjhd,,,2019-06-03T19:09:43Z,2024-04-23T08:36:46Z,5,58,27,23
user00269,o2RYgD7u,Bangladesh,Yellow Messenger,2013-08-18T00:32:21Z,2024-04-12T16:07:48Z,23,7,42,1391
user00440,bDmQeRSX,Latvia,Kasko,2016-01-09T09:23:13Z,2024-04-29T20:46:45Z,70,60,73,1308
user00351,AEVr23tw,"Dar es Salaam, Tanzania",@ramani.io ,2017-02-15T09:33:52Z,2024-04-06T03:15:23Z,33,36,90,33
user00330,iQUVVjhd,Singapore,@supabase,2012-05-12T07:53:47Z,2024-04-17T02:14:35Z,189,106,73,132
user00385,iQUVVjhd,Singapore,Supabase,2013-10-22T15:17:46Z,2024-04-03T15:27:13Z,262,1,123,89
user00121,EKFOH3Au,,,2017-06-06T05:46:04Z,2024-04-03T01:57:58Z,1,3,33,39
user00151,vw3VuXCD,"Hanoi, Vietnam",@clip-sub ,2014-05-28T11:04:23Z,2024-04-30T04:34:53Z,58,32,90,2888
user00329,aYluAaPi,"Madrid, Spain.",batterysparkles,2017-03-14T19:37:29Z,2024-04-29T19:44:21Z,3,11,2,94
user00384,Sve3GmOZ,"Irvine, CA",WebZense LLC,2008-02-20T20:23:04Z,2024-04-29T16:49:35Z,13,7,14,110
user00285,iQUVVjhd,"Rio de Janeiro, Brazil",,2019-12-30T17:00:55Z,2024-04-29T10:52:12Z,952,43,105,354
user00160,iQUVVjhd,,@WMU-HUB ,2020-08-16T11:53:20Z,2024-04-30T20:38:52Z,4,3,3,3
user00031,iQUVVjhd,,,2023-09-19T02:38:16Z,2024-03-28T00:33:28Z,0,3,5,210
user00322,flN1tlUb,"Bucharest, Romania",@adobe,2012-11-07T21:23:06Z,2024-04-27T15:43:11Z,9,1,18,311
user00172,iQUVVjhd,,,2013-03-03T08:50:14Z,2024-01-26T18:09:41Z,20,105,35,200
user00304,ipLM2LgG,Estonia,Fractory,2012-08-24T22:59:01Z,2024-05-01T00:22:53Z,11,7,24,50
